﻿{"cameraMode":{"drawMode":0,"name":"Shaded","section":"Shading Mode"},"sceneLighting":true,"audioPlay":false,"sceneViewState":{"showFog":true,"showMaterialUpdate":false,"showSkybox":true,"showFlares":true,"showImageEffects":true,"showParticleSystems":true},"in2DMode":false,"pivot":{"x":12.210000038146973,"y":1.2999999523162842,"z":5.369999885559082},"rotation":{"x":-0.04116596654057503,"y":-0.4639361798763275,"z":0.021588636562228204,"w":-0.8846482634544373},"size":32.41386795043945,"orthographic":false}