﻿{"cameraMode":{"drawMode":0,"name":"Shaded","section":"Shading Mode"},"sceneLighting":true,"audioPlay":false,"sceneViewState":{"showFog":true,"showMaterialUpdate":false,"showSkybox":true,"showFlares":true,"showImageEffects":true,"showParticleSystems":true},"in2DMode":false,"pivot":{"x":211.71177673339845,"y":1.1360000371932984,"z":219.77886962890626},"rotation":{"x":-0.08223910629749298,"y":0.9142860174179077,"z":-0.23570625483989716,"w":-0.3189990818500519},"size":7.647294044494629,"orthographic":false}